First,Second,Email
Igor,Ivanov,ivigoral@gmail.com
Sergei,Smirnov,mg1sergey@gmail.com
VENKATESH,BABU,dkvbabu@hotmail.com
Pei-Hsin,Lin,peihsin@caece.net
Sanan,Garayev,sanan.garayev.24@ucl.ac.uk
Maheep,Chaudhary,maheepchaudhary.research@gmail.com
Jiawei,Li,jiawei2012220@gmail.com
Zeinab,Gharib Bafghi,zgharibbafgh@uni-osnabrueck.de
Lara,Nguyen,laranguyen811@gmail.com
Andrew,Draganov,draganovandrew@gmail.com
Andrew,Boardman,andrewcboardman6@gmail.com
Patrick,Quinn,Patrick-quinn@outlook.com